"Label","Cluster"
"Taurean Prince",1
"Dennis Schroder",1
"Kent Bazemore",2
"John Collins",3
"Dewayne Dedmon",4
"Jayson Tatum",5
"Al Horford",4
"Jaylen Brown",5
"Terry Rozier",5
"Kyrie Irving",5
"Marcus Smart",2
"Spencer Dinwiddie",1
"Allen Crabbe",5
"DeMarre Carroll",5
"Joe Harris",5
"Rondae HollisJefferson",4
"Caris LeVert",2
"Kemba Walker",1
"Dwight Howard",6
"Marvin Williams",4
"Nicolas Batum",2
"Jeremy Lamb",5
"Michael KiddGilchrist",4
"Frank Kaminsky",7
"Justin Holiday",5
"Denzel Valentine",5
"Lauri Markkanen",4
"Robin Lopez",4
"Jerian Grant",2
"David Nwaba",4
"Bobby Portis",4
"Kris Dunn",2
"LeBron James",1
"JR Smith",5
"Jeff Green",4
"Kevin Love",4
"Kyle Korver",7
"Harrison Barnes",4
"Yogi Ferrell",5
"Wesley Matthews",5
"Dennis Smith Jr",1
"Dirk Nowitzki",4
"Dwight Powell",4
"JJ Barea",2
"Will Barton",1
"Jamal Murray",1
"Nikola Jokic",6
"Wilson Chandler",4
"Gary Harris",2
"Andre Drummond",6
"Ish Smith",2
"Stanley Johnson",4
"Anthony Tolliver",7
"Reggie Bullock",7
"Tobias Harris",7
"Klay Thompson",5
"Kevin Durant",6
"Draymond Green",6
"Stephen Curry",5
"Andre Iguodala",7
"James Harden",1
"PJ Tucker",4
"Trevor Ariza",5
"Eric Gordon",5
"Clint Capela",3
"Chris Paul",1
"Ryan Anderson",7
"Luc Mbah a Moute",7
"Thaddeus Young",5
"Victor Oladipo",1
"Bojan Bogdanovic",5
"Cory Joseph",2
"Darren Collison",2
"Lance Stephenson",2
"Myles Turner",3
"Domantas Sabonis",3
"Lou Williams",1
"DeAndre Jordan",6
"Austin Rivers",5
"Kentavious CaldwellPope",5
"Kyle Kuzma",5
"Julius Randle",6
"Brandon Ingram",4
"Lonzo Ball",2
"Brook Lopez",3
"Marc Gasol",6
"Dillon Brooks",5
"Jarell Martin",3
"Tyreke Evans",2
"JaMychal Green",4
"Josh Richardson",5
"Goran Dragic",1
"Tyler Johnson",5
"Wayne Ellington",5
"James Johnson",5
"Kelly Olynyk",5
"Justise Winslow",4
"Khris Middleton",1
"Giannis Antetokounmpo",6
"Eric Bledsoe",1
"Tony Snell",7
"John Henson",3
"Andrew Wiggins",5
"KarlAnthony Towns",6
"Taj Gibson",3
"Jeff Teague",1
"Jimmy Butler",2
"Jamal Crawford",7
"Jrue Holiday",1
"Anthony Davis",6
"ETwaun Moore",5
"Darius Miller",7
"DeMarcus Cousins",6
"Rajon Rondo",2
"Courtney Lee",2
"Tim Hardaway Jr",5
"Enes Kanter",3
"Frank Ntilikina",2
"Michael Beasley",4
"Kristaps Porzingis",3
"Jarrett Jack",2
"Russell Westbrook",1
"Paul George",1
"Carmelo Anthony",5
"Steven Adams",6
"Jerami Grant",4
"Jonathon Simmons",2
"Aaron Gordon",4
"Evan Fournier",5
"DJ Augustin",2
"Nikola Vucevic",4
"Mario Hezonja",4
"Ben Simmons",6
"Robert Covington",5
"Dario Saric",5
"JJ Redick",5
"Joel Embiid",6
"TJ McConnell",2
"TJ Warren",4
"Dragan Bender",4
"Josh Jackson",5
"Devin Booker",1
"Tyler Ulis",2
"Troy Daniels",7
"Marquese Chriss",3
"CJ McCollum",1
"Damian Lillard",1
"Jusuf Nurkic",6
"AlFarouq Aminu",4
"Evan Turner",4
"Shabazz Napier",2
"Bogdan Bogdanovic",5
"Willie CauleyStein",3
"DeAaron Fox",2
"Buddy Hield",5
"Garrett Temple",7
"Zach Randolph",4
"Justin Jackson",7
"LaMarcus Aldridge",3
"Patty Mills",5
"Kyle Anderson",2
"Pau Gasol",4
"Danny Green",4
"Dejounte Murray",2
"Bryn Forbes",7
"DeMar DeRozan",1
"Kyle Lowry",1
"Serge Ibaka",3
"Jonas Valanciunas",3
"Pascal Siakam",4
"Jakob Poeltl",3
"Fred VanVleet",2
"Donovan Mitchell",1
"Joe Ingles",1
"Ricky Rubio",1
"Derrick Favors",3
"Rudy Gobert",3
"Bradley Beal",1
"Otto Porter Jr",5
"Kelly Oubre Jr",5
"Marcin Gortat",3
"Markieff Morris",5
"Tomas Satoransky",2
