"game_num","game_date","home_team","away_team","gsw_pts","opp_pts","ortg","drtg","net","win"
1,2017-10-17,"GSW","HOU",121,122,120.710295291301,112.587670727206,8.12262456409528,FALSE
2,2017-10-20,"NOP","GSW",128,120,115.523465703971,110.415899889584,5.10756581438703,TRUE
3,2017-10-23,"DAL","GSW",133,103,128.576952822893,96.0820895522388,32.4948632706537,TRUE
4,2017-10-25,"GSW","TOR",117,112,119.77886977887,108.359133126935,11.4197366519348,TRUE
5,2017-11-04,"DEN","GSW",127,108,118.161518422032,101.047904191617,17.1136142304152,TRUE
6,2017-11-08,"GSW","MIN",125,101,114.763128901946,92.7626745040411,22.0004543979052,TRUE
7,2017-11-11,"GSW","PHI",135,114,120.064034151547,103.825136612022,16.2388975395256,TRUE
8,2017-11-18,"PHI","GSW",124,116,121.807465618861,110.43412033511,11.3733452837501,TRUE
9,2017-12-25,"GSW","CLE",99,92,104.784081287045,97.8723404255319,6.91174086151295,TRUE
10,2018-01-06,"LAC","GSW",121,105,108.734723220705,93.5828877005348,15.1518355201698,TRUE
11,2018-02-03,"DEN","GSW",108,115,107.8705553336,111.911249513429,-4.04069417982966,FALSE
12,2018-02-06,"GSW","OKC",105,125,100.344036697248,113.101701049584,-12.7576643523361,FALSE
13,2018-03-16,"GSW","SAC",93,98,102.287725472943,103.725656223539,-1.43793075059612,FALSE
14,NA,"MEM","GSW",101,111,100.118953211737,109.597156398104,-9.47820318636754,FALSE
15,NA,"GSW","WAS",120,117,113.421550094518,105.710155402963,7.71139469155447,TRUE
16,NA,"GSW","DET",107,115,109.991776315789,116.774979691308,-6.78320337551841,FALSE
17,NA,"LAC","GSW",141,113,137.964774951076,109.496124031008,28.4686509200686,TRUE
18,NA,"SAS","GSW",112,92,108.695652173913,92.816787732042,15.8788644418711,TRUE
19,NA,"GSW","MIA",97,80,98.4172077922078,74.4324525493115,23.9847552428963,TRUE
20,NA,"GSW","ORL",110,100,111.066235864297,97.1628449280995,13.9033909361978,TRUE
21,NA,"BOS","GSW",88,92,89.4672631150874,88.7003470883147,0.766916026772734,FALSE
22,NA,"BKN","GSW",118,111,108.137829912023,98.9657631954351,9.17206671658836,TRUE
23,NA,"OKC","GSW",91,108,87.5673595073133,103.408655687476,-15.8412961801628,FALSE
24,NA,"GSW","CHI",143,94,135.879893576587,87.360594795539,48.5192987810478,TRUE
25,NA,"GSW","NOP",110,95,105.891413169041,92.1256788207913,13.7657343482499,TRUE
26,NA,"GSW","SAC",106,110,116.279069767442,117.975117975118,-1.69604820767611,FALSE
27,NA,"LAL","GSW",127,123,109.181568088033,106.034482758621,3.14708532941233,TRUE
28,NA,"ORL","GSW",133,112,125.661375661376,106.747998475029,18.9133771863471,TRUE
29,NA,"MIA","GSW",123,95,124.797077922078,100.550381033023,24.2466968890551,TRUE
30,NA,"NOP","GSW",125,115,112.734487734488,106.877323420074,5.85716431441338,TRUE
31,NA,"CHA","GSW",101,87,104.425144747725,84.8946135831382,19.5305311645872,TRUE
32,NA,"DET","GSW",102,98,100.314712824548,101.70195101702,-1.38723819247191,TRUE
33,NA,"GSW","POR",111,104,116.254713028907,107.216494845361,9.03821818354575,TRUE
34,NA,"GSW","DAL",112,97,119.199659429544,103.765511339324,15.4341480902206,TRUE
35,NA,"LAL","GSW",116,114,99.7935306262904,101.423487544484,-1.62995691819354,TRUE
36,NA,"GSW","MEM",97,84,111.494252873563,89.0207715133531,22.4734813602101,TRUE
37,NA,"GSW","LAL",113,106,110.914801727523,99.3625796775403,11.5522220499823,TRUE
38,NA,"GSW","DEN",81,96,83.955223880597,96.3855421686747,-12.4303182880777,FALSE
39,NA,"GSW","UTA",126,101,119.453924914676,94.498502994012,24.9554219206638,TRUE
40,NA,"GSW","CHA",100,111,98.3090837593394,107.808857808858,-9.49977404951844,FALSE
41,NA,"GSW","MEM",141,128,142.424242424242,129.712201053912,12.7120413703308,TRUE
42,NA,"DAL","GSW",125,122,116.430700447094,116.54566297287,-0.114962525775809,TRUE
43,NA,"HOU","GSW",124,114,120.622568093385,111.024542267238,9.59802582614719,TRUE
44,NA,"GSW","DEN",124,114,123.703112529928,113.954418232707,9.74869429722126,TRUE
45,NA,"GSW","LAC",106,125,103.475204998048,114.343212586901,-10.8680075888532,FALSE
46,NA,"MIL","GSW",108,94,122.838944494995,99.703012303776,23.1359321912195,TRUE
47,NA,"TOR","GSW",127,125,130.497328401151,121.265036864571,9.23229153657962,TRUE
48,NA,"CLE","GSW",118,108,115.45988258317,101.237345331834,14.2225372513367,TRUE
49,NA,"CHI","GSW",119,112,113.333333333333,103.016924208977,10.3164091243561,TRUE
50,NA,"HOU","GSW",108,116,103.250478011472,112.884390813546,-9.63391280207384,FALSE
51,NA,"GSW","NYK",123,112,122.02380952381,112.721417069243,9.30239245456637,TRUE
52,NA,"GSW","MIN",126,113,126.506024096386,105.686494575383,20.8195295210021,TRUE
53,NA,"GSW","BOS",109,105,113.023641642472,103.38716029933,9.63648134314155,TRUE
54,NA,"UTA","GSW",99,129,94.9731389102072,127.520759193357,-32.5476202831498,FALSE
55,NA,"SAC","GSW",119,104,110.144390966309,98.4848484848485,11.6595424814603,TRUE
56,NA,"GSW","DAL",121,103,127.637130801688,100.507416081187,27.1297147205012,TRUE
57,NA,"GSW","SAS",122,105,126.293995859213,103.591160220994,22.7028356382188,TRUE
58,NA,"GSW","PHX",129,83,126.173708920188,77.0802377414562,49.0934711787316,TRUE
59,NA,"POR","GSW",117,123,108.97913561848,118.771726535342,-9.79259091686194,FALSE
60,NA,"GSW","LAC",134,127,131.424087877599,115.49654419789,15.9275436797089,TRUE
61,NA,"GSW","OKC",112,80,115.798180314309,79.0201501382853,36.7780301760241,TRUE
62,NA,"NYK","GSW",125,111,124.452409398646,106.771835321277,17.6805740773685,TRUE
63,NA,"WAS","GSW",109,101,110.997963340122,103.86672151378,7.13124182634185,TRUE
64,NA,"ATL","GSW",114,109,105.869242199108,98.3754512635379,7.49379093557054,TRUE
65,NA,"GSW","BKN",114,101,114.182692307692,99.0196078431373,15.1630844645551,TRUE
66,NA,"GSW","SAS",110,107,106.6718386346,101.982462828822,4.68937580577851,TRUE
67,NA,"POR","GSW",108,125,114.213197969543,127.707396812423,-13.4941988428802,FALSE
68,NA,"MIN","GSW",103,109,100.743348982786,108.739026336792,-7.99567735400611,FALSE
69,NA,"GSW","LAL",117,106,113.240418118467,102.593883081688,10.6465350367789,TRUE
70,NA,"PHX","GSW",124,109,115.714818962299,104.047346315388,11.6674726469118,TRUE
71,NA,"SAS","GSW",75,89,78.0924614743857,94.4397283531409,-16.3472668787552,FALSE
72,NA,"GSW","ATL",106,94,111.767186840995,95.1417004048583,16.6254864361371,TRUE
73,NA,"GSW","UTA",91,110,98.4848484848485,112.33660130719,-13.8517528223411,FALSE
74,NA,"GSW","IND",81,92,92.087312414734,101.905183872397,-9.81787145766302,FALSE
75,NA,"GSW","MIL",107,116,109.631147540984,114.39842209073,-4.76727454974616,FALSE
76,NA,"SAC","GSW",112,96,110.540860639558,96.6183574879227,13.9225031516351,TRUE
77,NA,"GSW","PHX",117,107,117.046818727491,102.845059592464,14.2017591350266,TRUE
78,NA,"OKC","GSW",111,107,110.381861575179,103.601859024012,6.7800025511666,TRUE
79,NA,"IND","GSW",106,126,108.651086510865,127.789046653144,-19.1379601422789,FALSE
80,NA,"GSW","NOP",120,126,115.562403697997,125.148986889154,-9.58658319115683,FALSE
81,NA,"PHX","GSW",117,100,111.854684512428,96.1168781237985,15.7378063886298,TRUE
82,NA,"UTA","GSW",79,119,78.968412634946,120.542949756888,-41.5745371219421,FALSE
