"Player","P2p","P3p","FTp","P2A","P3A","FTA"
"James Harden",53.0949105914718,36.7036011080332,85.8321870701513,727,722,727
"PJ Tucker",43.5114503816794,37.0967741935484,71.6666666666667,131,310,60
"Trevor Ariza",51.8518518518518,36.7965367965368,85.3932584269663,189,462,89
"Eric Gordon",54.4198895027624,35.8552631578947,80.9128630705394,362,608,241
"Clint Capela",65.3333333333333,0,56.0311284046693,675,1,257
"Chris Paul",53.2219570405728,37.9947229551451,91.8552036199095,419,379,221
"Ryan Anderson",53.9007092198582,38.6430678466077,77.4193548387097,141,339,93
"Luc Mbah a Moute",59.8837209302326,36.4161849710983,68.4210526315789,172,173,95
"Gerald Green",50.4347826086956,36.9127516778523,85,115,298,60
"Nene",57.3839662447257,0,63.5514018691589,237,2,107
"Tarik Black",63.7931034482759,9.09090909090909,46.031746031746,116,11,63
"Joe Johnson",46.5753424657534,27.8688524590164,95.2380952380952,73,61,21
