"Player","AST_per_min","TOV_per_min"
"Rajon Rondo",0.3126,0.0886
"Russell Westbrook",0.2814,0.1307
"John Wall",0.2787,0.1121
"JJ Barea",0.2707,0.0892
"Chris Paul",0.2474,0.0693
"James Harden",0.247,0.1235
"LeBron James",0.2469,0.1147
"Ben Simmons",0.2419,0.1018
"Tim Frazier",0.2315,0.068
"Spencer Dinwiddie",0.2272,0.0555
"Jarrett Jack",0.2248,0.0743
"Draymond Green",0.2221,0.0883
"Elfrid Payton",0.2188,0.0907
"Trey Burke",0.2166,0.0548
"Elfrid Payton",0.2142,0.098
"Kyle Lowry",0.214,0.0729
"Jeff Teague",0.2129,0.0766
"Lonzo Ball",0.2112,0.0764
"Matthew Dellavedova",0.2037,0.0688
"Kris Dunn",0.2033,0.0984
"Jerian Grant",0.2028,0.0528
"DAngelo Russell",0.2018,0.1191
"Dennis Schroder",0.2007,0.0881
"Shelvin Mack",0.1993,0.0652
"Reggie Jackson",0.1982,0.0824
"Cameron Payne",0.1942,0.0619
"Stephen Curry",0.1901,0.0938
"Tyler Ulis",0.1876,0.0766
"Nikola Jokic",0.1875,0.086
"Blake Griffin",0.1865,0.0794
"Milos Teodosic",0.1843,0.0855
"Darren Collison",0.1824,0.0426
"Tony Parker",0.1821,0.0635
"Ricky Rubio",0.1819,0.0918
"Damian Lillard",0.1801,0.0772
"Mike James",0.1794,0.0717
"TJ McConnell",0.1776,0.0657
"Isaiah Taylor",0.1765,0.072
"Nicolas Batum",0.1762,0.0661
"Ish Smith",0.1762,0.0529
"Dennis Smith Jr",0.1747,0.0947
"Tomas Satoransky",0.1741,0.0505
"Jameer Nelson",0.1737,0.0624
"Tyreke Evans",0.1674,0.0728
"Jrue Holiday",0.166,0.0728
"DJ Augustin",0.1631,0.0699
"Kemba Walker",0.1623,0.0654
"Eric Bledsoe",0.1612,0.092
"Lou Williams",0.1611,0.0904
"Emmanuel Mudiay",0.1609,0.0957
"Malcolm Delaney",0.1607,0.0651
"Marcus Smart",0.1605,0.0799
"Caris LeVert",0.1604,0.0821
"Fred VanVleet",0.1599,0.0487
"Kyrie Irving",0.1585,0.0725
"Tyus Jones",0.1581,0.0402
"DeAaron Fox",0.1579,0.0854
"Kevin Durant",0.1574,0.089
"Blake Griffin",0.1572,0.0869
"DeMar DeRozan",0.1538,0.0645
"Tyler Ennis",0.1537,0.0556
"Dwyane Wade",0.1525,0.0861
"Joe Ingles",0.1521,0.0617
"Goran Dragic",0.151,0.0698
"Frank Mason",0.1494,0.0661
"Al Horford",0.1489,0.058
"Raymond Felton",0.1487,0.0557
"DeMarcus Cousins",0.148,0.1393
"Frank Ntilikina",0.1465,0.0768
"James Johnson",0.1441,0.0726
"Delon Wright",0.1396,0.0544
"Michael CarterWilliams",0.1389,0.0623
"Mario Chalmers",0.1386,0.0823
"David West",0.1381,0.0801
"Jordan Clarkson",0.1377,0.0756
"Devin Booker",0.1357,0.104
"Alex Caruso",0.1335,0.0747
"Andrew Harrison",0.1335,0.0611
"Jimmy Butler",0.1331,0.0499
"Dejounte Murray",0.1325,0.0769
"Pau Gasol",0.1313,0.0596
"Giannis Antetokounmpo",0.131,0.0809
"Andre Iguodala",0.1295,0.0413
"Jawun Evans",0.1285,0.0566
"Jose Calderon",0.128,0.0449
"Kent Bazemore",0.1274,0.0878
"Lance Stephenson",0.127,0.0708
"Marc Gasol",0.1267,0.0806
"Victor Oladipo",0.1266,0.0858
"Shane Larkin",0.1265,0.0426
"Jordan Bell",0.1261,0.063
"Devin Harris",0.1257,0.0507
"Manu Ginobili",0.1255,0.0808
"Bradley Beal",0.1253,0.0719
"Shaun Livingston",0.124,0.0514
"Will Barton",0.1234,0.0555
"Dion Waiters",0.1231,0.0763
"Quinn Cook",0.1201,0.0432
"Bogdan Bogdanovic",0.1186,0.0575
"Cory Joseph",0.1176,0.0394
"Austin Rivers",0.1176,0.053
"Denzel Valentine",0.1165,0.0473
"Brandon Ingram",0.1165,0.0754
"Kelly Olynyk",0.1164,0.0826
"Kyle OQuinn",0.1139,0.0721
"Jared Dudley",0.1137,0.0408
"Nikola Vucevic",0.1135,0.0648
"Terry Rozier",0.1122,0.0387
"Zaza Pachulia",0.1121,0.0741
"Jamal Crawford",0.1119,0.0575
"Donovan Mitchell",0.1103,0.0815
"Khris Middleton",0.11,0.0641
"Zach LaVine",0.1098,0.0655
"Patty Mills",0.1087,0.0503
"Jamal Murray",0.1068,0.0671
"Malik Monk",0.1066,0.0574
"Kobi Simmons",0.1058,0.0684
"Malcolm Brogdon",0.1058,0.046
"Devin Harris",0.1053,0.0607
"Joel Embiid",0.1041,0.1224
"George Hill",0.1041,0.0525
"Kyle Anderson",0.1021,0.0475
"Amir Johnson",0.1008,0.047
"George Hill",0.1001,0.0419
"Chandler Parsons",0.0999,0.0507
"JJ Redick",0.0992,0.0487
"Mason Plumlee",0.0987,0.0716
"Shabazz Napier",0.0977,0.0586
"Eric Moreland",0.0969,0.0522
"Julius Randle",0.0959,0.0973
"Wayne Selden",0.0954,0.078
"Pascal Siakam",0.0947,0.0399
"Jeremy Lamb",0.0946,0.0473
"CJ McCollum",0.093,0.0516
"Paul Millsap",0.0919,0.0639
"Paul George",0.091,0.0733
"Andre Drummond",0.0903,0.0762
"Evan Fournier",0.0898,0.0517
"Tobias Harris",0.0887,0.0489
"Yogi Ferrell",0.0881,0.0342
"Justise Winslow",0.0881,0.0458
"Dario Saric",0.0874,0.0641
"Rondae HollisJefferson",0.087,0.063
"Taurean Prince",0.0869,0.0775
"Josh Richardson",0.0859,0.0521
"Marco Belinelli",0.0851,0.0446
"Evan Turner",0.0851,0.0487
"Luke Kennard",0.0848,0.0472
"Patrick McCaw",0.0843,0.0427
"Jonathon Simmons",0.0843,0.072
"Gary Harris",0.0842,0.0516
"Zach Randolph",0.0842,0.0769
"Willie CauleyStein",0.0841,0.0533
"Norman Powell",0.0838,0.0621
"Domantas Sabonis",0.0834,0.0757
"Tyrone Wallace",0.0834,0.0541
"Royce ONeale",0.0826,0.0478
"Tim Hardaway Jr",0.0822,0.0488
"Richaun Holmes",0.0818,0.0335
"Tyler Dorsey",0.0811,0.038
"Wesley Matthews",0.0807,0.0389
"Tyler Johnson",0.0804,0.0395
"Jabari Parker",0.0794,0.0606
"Courtney Lee",0.0779,0.0364
"Garrett Temple",0.0768,0.0489
"Joffrey Lauvergne",0.0768,0.0618
"Buddy Hield",0.0766,0.0613
"Jordan Clarkson",0.0759,0.0506
"Ian Clark",0.0756,0.0392
"Joe Johnson",0.0752,0.0356
"Bobby Portis",0.0749,0.0627
"Michael Beasley",0.0744,0.0865
"Klay Thompson",0.0739,0.0511
"Bam Adebayo",0.0738,0.0482
"Robin Lopez",0.0734,0.0633
"Marcin Gortat",0.0728,0.0477
"Brook Lopez",0.0726,0.0565
"Jason Terry",0.0725,0.0307
"ETwaun Moore",0.0723,0.0394
"Markieff Morris",0.0722,0.0645
"Eric Gordon",0.0715,0.0604
"Aaron Gordon",0.0712,0.0561
"Ersan Ilyasova",0.0704,0.0523
"Frank Kaminsky",0.0703,0.036
"Joe Young",0.0699,0.0466
"Omri Casspi",0.0687,0.0499
"Jusuf Nurkic",0.0685,0.0876
"KarlAnthony Towns",0.0682,0.0545
"Davis Bertans",0.0681,0.0331
"Wilson Chandler",0.0678,0.0392
"Justin Holiday",0.0675,0.0411
"DeMarre Carroll",0.0674,0.0472
"Vince Carter",0.0673,0.0351
"Langston Galloway",0.0672,0.0209
"Timothe LuwawuCabarrot",0.067,0.0471
"Kentavious CaldwellPope",0.0659,0.0395
"Avery Bradley",0.0655,0.0733
"Trey Lyles",0.0654,0.0439
"Ekpe Udoh",0.0654,0.0247
"Joe Harris",0.0648,0.0461
"Otto Porter Jr",0.0646,0.0309
"Joe Johnson",0.0643,0.0443
"Brandon Paul",0.0642,0.0503
"Mario Hezonja",0.064,0.0519
"Anthony Davis",0.0638,0.0594
"Terrence Ross",0.0633,0.0483
"Alec Burks",0.0633,0.0567
"David Nwaba",0.0632,0.0468
"Dirk Nowitzki",0.0632,0.0268
"JR Smith",0.0628,0.0361
"Dragan Bender",0.0628,0.0541
"Aron Baynes",0.0627,0.0539
"Nikola Mirotic",0.0627,0.0498
"Nemanja Bjelica",0.0627,0.0379
"Jodie Meeks",0.0626,0.0331
"Kosta Koufos",0.0625,0.0352
"Kevin Love",0.0624,0.0545
"Ivan Rabb",0.062,0.0678
"Larry Nance Jr",0.0618,0.0445
"Robert Covington",0.0616,0.0498
"Danny Green",0.0614,0.0413
"Pat Connaughton",0.0612,0.0289
"Danilo Gallinari",0.0611,0.0387
"Marco Belinelli",0.0611,0.0543
"Cedi Osman",0.061,0.0476
"CJ Williams",0.0608,0.0283
"Josh Jackson",0.0607,0.0745
"LaMarcus Aldridge",0.0606,0.0442
"Tobias Harris",0.0601,0.0326
"Rodney Hood",0.06,0.0581
"Daniel Theis",0.0598,0.0598
"Nene",0.0594,0.0501
"Marreese Speights",0.0593,0.0593
"Rudy Gay",0.0593,0.0634
"Stanley Johnson",0.0591,0.0407
"Corey Brewer",0.0591,0.0548
"Sindarius Thornwell",0.0588,0.0458
"Khem Birch",0.0588,0.0363
"Alex Len",0.0588,0.0559
"Kyle Kuzma",0.0587,0.0583
"Dewayne Dedmon",0.0584,0.0558
"Jerryd Bayless",0.0584,0.0497
"Thaddeus Young",0.0583,0.0403
"Skal Labissiere",0.0581,0.0589
"John Henson",0.0579,0.0427
"Harrison Barnes",0.0577,0.0448
"Dillon Brooks",0.0574,0.0528
"Enes Kanter",0.0574,0.0667
"Montrezl Harrell",0.0572,0.0526
"Darius Miller",0.0571,0.0298
"Mike Scott",0.0569,0.0562
"Rodney Hood",0.0564,0.0132
"Cristiano Felicio",0.0563,0.0553
"Treveon Graham",0.0562,0.0257
"Kyle Korver",0.0559,0.0349
"Wes Iwundu",0.0559,0.0294
"Paul Zipser",0.0558,0.0522
"Jae Crowder",0.0551,0.043
"John Collins",0.0549,0.0588
"Reggie Bullock",0.0548,0.0271
"Josh Hart",0.0548,0.0322
"Dwight Powell",0.0544,0.0353
"Marquese Chriss",0.0544,0.0701
"Jeff Green",0.0542,0.041
"JaVale McGee",0.0537,0.0439
"Andrew Wiggins",0.0537,0.0463
"Allen Crabbe",0.0533,0.0355
"Dwayne Bacon",0.0533,0.0323
"Gorgui Dieng",0.0533,0.0443
"Malik Beasley",0.0532,0.0412
"Jaylen Brown",0.053,0.0576
"Bryn Forbes",0.0527,0.0244
"Jayson Tatum",0.0524,0.0467
"Tyler Cavanaugh",0.0521,0.027
"Channing Frye",0.0514,0.0312
"Anthony Tolliver",0.0512,0.033
"JaMychal Green",0.0512,0.0493
"Marcus Morris",0.0499,0.0451
"Abdel Nader",0.0498,0.0651
"Zach Collins",0.0498,0.0555
"Cody Zeller",0.0494,0.0526
"Justin Jackson",0.0491,0.0266
"Miles Plumlee",0.049,0.0686
"Doug McDermott",0.0487,0.0369
"Bojan Bogdanovic",0.0483,0.043
"DeAndre Jordan",0.0483,0.0565
"Justin Anderson",0.0482,0.0308
"Mike Muscala",0.0481,0.0396
"Salah Mejri",0.048,0.0535
"Marvin Williams",0.0479,0.0329
"Tony Snell",0.0477,0.0175
"Myles Turner",0.0474,0.0523
"Derrick Favors",0.0474,0.0409
"Nikola Mirotic",0.047,0.0356
"Jonas Valanciunas",0.0469,0.0666
"Ben McLemore",0.0467,0.0559
"Corey Brewer",0.0467,0.0214
"James Ennis III",0.0465,0.0361
"Trevor Ariza",0.0463,0.0229
"Ian Mahinmi",0.0463,0.0873
"Kevon Looney",0.0462,0.0341
"Tyson Chandler",0.046,0.0513
"Luke Babbitt",0.0456,0.0263
"Patrick Patterson",0.0449,0.026
"Andre Roberson",0.0444,0.0289
"Bismack Biyombo",0.0441,0.0562
"Rudy Gobert",0.0441,0.0589
"Arron Afflalo",0.044,0.0308
"Jarell Martin",0.0439,0.0518
"Kelly Oubre Jr",0.0439,0.0403
"Ersan Ilyasova",0.0434,0.0366
"Jae Crowder",0.0431,0.0312
"Sam Dekker",0.043,0.0374
"Doug McDermott",0.0427,0.029
"Dwight Howard",0.0426,0.0844
"Deyonta Davis",0.0424,0.0339
"Maxi Kleber",0.0423,0.0249
"Quincy Acy",0.0419,0.0442
"Maurice Harkless",0.0419,0.0316
"Carmelo Anthony",0.0412,0.0396
"CJ Miles",0.0411,0.0292
"Wesley Johnson",0.041,0.037
"Thabo Sefolosha",0.0409,0.0372
"AlFarouq Aminu",0.0405,0.0381
"James Ennis III",0.0399,0.0327
"Tyler Zeller",0.0398,0.0498
"Torrey Craig",0.0397,0.0318
"TJ Warren",0.0397,0.0397
"Hassan Whiteside",0.0396,0.0674
"Lauri Markkanen",0.0391,0.0411
"Wayne Ellington",0.0387,0.0255
"Michael KiddGilchrist",0.0384,0.0286
"Jakob Poeltl",0.0374,0.0558
"Thon Maker",0.0372,0.0355
"OG Anunoby",0.0371,0.0304
"Jonas Jerebko",0.037,0.0238
"Kristaps Porzingis",0.0367,0.0599
"Taj Gibson",0.0363,0.0326
"Steven Adams",0.0354,0.0515
"Luc Mbah a Moute",0.0352,0.0435
"Ryan Anderson",0.0348,0.0243
"Jerami Grant",0.0346,0.0328
"Jarrett Allen",0.034,0.0569
"PJ Tucker",0.0338,0.0324
"Jonathan Isaac",0.0336,0.0504
"Clint Capela",0.0334,0.0506
"Cheick Diallo",0.0327,0.0482
"Lance Thomas",0.0325,0.0296
"Sterling Brown",0.0322,0.0322
"Tristan Thompson",0.0308,0.0336
"Troy Daniels",0.0296,0.0345
"Serge Ibaka",0.0296,0.043
"Ed Davis",0.0272,0.0449
"Gerald Green",0.0269,0.0334
"Nick Young",0.0258,0.028
"Terrance Ferguson",0.0249,0.0144
"Alex Abrines",0.0247,0.022
"Tarik Black",0.0242,0.0652
"Dante Cunningham",0.0233,0.0143
"Josh Huestis",0.0204,0.0265
"Semi Ojeleye",0.0174,0.0217
