"Team","NetRtg","W"
"Houston Rockets",8.47,65
"Golden State Warriors",8.04,58
"Toronto Raptors",7.6,59
"Philadelphia 76ers",5.44,52
"Utah Jazz",4.62,48
"Boston Celtics",3.71,55
"San Antonio Spurs",3.08,47
"Oklahoma City Thunder",2.96,48
"Minnesota Timberwolves",2.4,47
"New Orleans Pelicans",2.11,48
"Portland Trail Blazers",1.94,49
"Indiana Pacers",1.6,48
"Cleveland Cavaliers",1.04,50
"Denver Nuggets",0.77,46
"Milwaukee Bucks",0.71,44
"Washington Wizards",0.7,43
"Miami Heat",0.51,44
"Detroit Pistons",0.02,39
"LA Clippers",0.02,42
"Charlotte Hornets",0.01,36
"Los Angeles Lakers",-1.4,35
"Dallas Mavericks",-3.27,24
"Brooklyn Nets",-4.17,28
"New York Knicks",-4.24,29
"Orlando Magic",-4.92,25
"Atlanta Hawks",-5.79,24
"Memphis Grizzlies",-6.58,22
"Chicago Bulls",-7.81,27
"Sacramento Kings",-7.83,27
"Phoenix Suns",-9.71,21
